{
  "poseDetectorConfig": {
    "model": "MoveNet",
    "detectorConfig": {},
    "estimationConfig": {}
  },
  "classifierConfig": {
    "path": "./tfjs-model/squat/model.json",
    "label": ["Other", "Squat"]
  },
  "rulesCountConfig": {
    "nameWorkout": "Squat",
    "nameStage": ["Up", "Down"],
    "pathImageStage": ["./img/iconmonstr-caret-up-circle-filled-64.png", "./img/iconmonstr-caret-down-circle-filled-64.png"],
    "pathAudioStage": ["./audio/go-up-from-google-translate.webm", "./audio/go-down-from-google-translate.webm"],
    "anglePoint": {
      "11": {
        "spouseIdx": [13, 5],
        "rangeAngle": [
          { "min": 140, "max": 180 },
          { "min": 0, "max": 130 }
        ]
      },
      "12": {
        "spouseIdx": [14, 6],
        "rangeAngle": [
          { "min": 140, "max": 180 },
          { "min": 0, "max": 130 }
        ]
      },
      "13": {
        "spouseIdx": [11, 15],
        "rangeAngle": [
          { "min": 150, "max": 180 },
          { "min": 0, "max": 140 }
        ]
      },
      "14": {
        "spouseIdx": [12, 16],
        "rangeAngle": [
          { "min": 150, "max": 180 },
          { "min": 0, "max": 140 }
        ]
      }
    }
  }
}
