{
    "format": "layers-model",
    "generatedBy": "keras v2.9.0",
    "convertedBy": "TensorFlow.js Converter v4.2.0",
    "modelTopology": {
        "keras_version": "2.9.0",
        "backend": "tensorflow",
        "model_config": {
            "class_name": "Sequential",
            "config": {
                "name": "sequential_1",
                "layers": [
                    {
                        "class_name": "InputLayer",
                        "config": {
                            "batch_input_shape": [
                                null,
                                34
                            ],
                            "dtype": "float32",
                            "sparse": false,
                            "ragged": false,
                            "name": "input_2"
                        }
                    },
                    {
                        "class_name": "Dense",
                        "config": {
                            "name": "dense_4",
                            "trainable": true,
                            "dtype": "float32",
                            "units": 64,
                            "activation": "relu",
                            "use_bias": true,
                            "kernel_initializer": {
                                "class_name": "GlorotUniform",
                                "config": {
                                    "seed": null
                                }
                            },
                            "bias_initializer": {
                                "class_name": "Zeros",
                                "config": {}
                            },
                            "kernel_regularizer": null,
                            "bias_regularizer": null,
                            "activity_regularizer": null,
                            "kernel_constraint": null,
                            "bias_constraint": null
                        }
                    },
                    {
                        "class_name": "Dropout",
                        "config": {
                            "name": "dropout_3",
                            "trainable": true,
                            "dtype": "float32",
                            "rate": 0.5,
                            "noise_shape": null,
                            "seed": null
                        }
                    },
                    {
                        "class_name": "Dense",
                        "config": {
                            "name": "dense_5",
                            "trainable": true,
                            "dtype": "float32",
                            "units": 32,
                            "activation": "relu",
                            "use_bias": true,
                            "kernel_initializer": {
                                "class_name": "GlorotUniform",
                                "config": {
                                    "seed": null
                                }
                            },
                            "bias_initializer": {
                                "class_name": "Zeros",
                                "config": {}
                            },
                            "kernel_regularizer": null,
                            "bias_regularizer": null,
                            "activity_regularizer": null,
                            "kernel_constraint": null,
                            "bias_constraint": null
                        }
                    },
                    {
                        "class_name": "Dropout",
                        "config": {
                            "name": "dropout_4",
                            "trainable": true,
                            "dtype": "float32",
                            "rate": 0.5,
                            "noise_shape": null,
                            "seed": null
                        }
                    },
                    {
                        "class_name": "Dense",
                        "config": {
                            "name": "dense_6",
                            "trainable": true,
                            "dtype": "float32",
                            "units": 16,
                            "activation": "relu",
                            "use_bias": true,
                            "kernel_initializer": {
                                "class_name": "GlorotUniform",
                                "config": {
                                    "seed": null
                                }
                            },
                            "bias_initializer": {
                                "class_name": "Zeros",
                                "config": {}
                            },
                            "kernel_regularizer": null,
                            "bias_regularizer": null,
                            "activity_regularizer": null,
                            "kernel_constraint": null,
                            "bias_constraint": null
                        }
                    },
                    {
                        "class_name": "Dropout",
                        "config": {
                            "name": "dropout_5",
                            "trainable": true,
                            "dtype": "float32",
                            "rate": 0.5,
                            "noise_shape": null,
                            "seed": null
                        }
                    },
                    {
                        "class_name": "Dense",
                        "config": {
                            "name": "dense_7",
                            "trainable": true,
                            "dtype": "float32",
                            "units": 2,
                            "activation": "sigmoid",
                            "use_bias": true,
                            "kernel_initializer": {
                                "class_name": "GlorotUniform",
                                "config": {
                                    "seed": null
                                }
                            },
                            "bias_initializer": {
                                "class_name": "Zeros",
                                "config": {}
                            },
                            "kernel_regularizer": null,
                            "bias_regularizer": null,
                            "activity_regularizer": null,
                            "kernel_constraint": null,
                            "bias_constraint": null
                        }
                    }
                ]
            }
        },
        "training_config": {
            "loss": "binary_crossentropy",
            "metrics": [
                [
                    {
                        "class_name": "MeanMetricWrapper",
                        "config": {
                            "name": "accuracy",
                            "dtype": "float32",
                            "fn": "categorical_accuracy"
                        }
                    }
                ]
            ],
            "weighted_metrics": null,
            "loss_weights": null,
            "optimizer_config": {
                "class_name": "Adam",
                "config": {
                    "name": "Adam",
                    "learning_rate": 0.0010000000474974513,
                    "decay": 0.0,
                    "beta_1": 0.8999999761581421,
                    "beta_2": 0.9990000128746033,
                    "epsilon": 1e-07,
                    "amsgrad": false
                }
            }
        }
    },
    "weightsManifest": [
        {
            "paths": [
                "group1-shard1of1.bin"
            ],
            "weights": [
                {
                    "name": "dense_4/kernel",
                    "shape": [
                        34,
                        64
                    ],
                    "dtype": "float32"
                },
                {
                    "name": "dense_4/bias",
                    "shape": [
                        64
                    ],
                    "dtype": "float32"
                },
                {
                    "name": "dense_5/kernel",
                    "shape": [
                        64,
                        32
                    ],
                    "dtype": "float32"
                },
                {
                    "name": "dense_5/bias",
                    "shape": [
                        32
                    ],
                    "dtype": "float32"
                },
                {
                    "name": "dense_6/kernel",
                    "shape": [
                        32,
                        16
                    ],
                    "dtype": "float32"
                },
                {
                    "name": "dense_6/bias",
                    "shape": [
                        16
                    ],
                    "dtype": "float32"
                },
                {
                    "name": "dense_7/kernel",
                    "shape": [
                        16,
                        2
                    ],
                    "dtype": "float32"
                },
                {
                    "name": "dense_7/bias",
                    "shape": [
                        2
                    ],
                    "dtype": "float32"
                }
            ]
        }
    ]
}